{
  "elements": [
    {
      "element": {
        "element_type": "minecraft:single_pool_element",
        "location": "minecraft:trail_ruins/tower/tower_1",
        "processors": "minecraft:trail_ruins_houses_archaeology",
        "projection": "rigid"
      },
      "weight": 1
    },
    {
      "element": {
        "element_type": "minecraft:single_pool_element",
        "location": "minecraft:trail_ruins/tower/tower_2",
        "processors": "minecraft:trail_ruins_houses_archaeology",
        "projection": "rigid"
      },
      "weight": 1
    },
    {
      "element": {
        "element_type": "minecraft:single_pool_element",
        "location": "minecraft:trail_ruins/tower/tower_3",
        "processors": "minecraft:trail_ruins_houses_archaeology",
        "projection": "rigid"
      },
      "weight": 1
    },
    {
      "element": {
        "element_type": "minecraft:single_pool_element",
        "location": "minecraft:trail_ruins/tower/tower_4",
        "processors": "minecraft:trail_ruins_houses_archaeology",
        "projection": "rigid"
      },
      "weight": 1
    },
    {
      "element": {
        "element_type": "minecraft:single_pool_element",
        "location": "minecraft:trail_ruins/tower/tower_5",
        "processors": "minecraft:trail_ruins_houses_archaeology",
        "projection": "rigid"
      },
      "weight": 1
    }
  ],
  "fallback": "minecraft:empty"
}