{
  "display": {
    "icon": {
      "item": "minecraft:wooden_sword"
    },
    "title": {
      "translate": "出击时间到！"
    },
    "description": {
      "translate": "使用木板和木棍来制作一把剑"
    },
    "frame": "task",
    "show_toast": true,
    "announce_to_chat": true,
    "hidden": false
  },
  "parent": "atlantis:atlantis/crafting_table",
  "criteria": {
    "wooden_sword": {
      "trigger": "minecraft:inventory_changed",
      "conditions": {
        "items": [
          {
            "items": [
              "minecraft:wooden_sword"
            ]
          }
        ]
      }
    }
  },
  "requirements": [
    [
      "wooden_sword"
    ]
  ],
  "sends_telemetry_event": false
}
