{
  "display": {
    "icon": {
      "item": "minecraft:quartz_block"
    },
    "title": {
      "text": "石英块"
    },
    "description": {
      "text": "累计制作十组石英块"
    },
    "frame": "task",
    "show_toast": true,
    "announce_to_chat": true,
    "hidden": false
  },
  "parent": "atlantis:atlantis/mine_nether_quartz_ore_576",
  "criteria": {
    "quartz_block": {
      "trigger": "minecraft:inventory_changed",
      "conditions": {
        "player": [
          {
            "condition": "minecraft:entity_properties",
            "entity": "this",
            "predicate": {
              "type_specific": {
                "type": "player",
                "stats": [
                  {
                    "type": "minecraft:crafted",
                    "stat": "minecraft:quartz_block",
                    "value": {
                      "min": 640
                    }
                  }
                ]
              }
            }
          }
        ]
      }
    }
  },
  "sends_telemetry_event": false
}
