{
  "display": {
    "icon": {
      "item": "minecraft:stone_sword"
    },
    "title": {
      "translate": "石器那会用不着这玩意吧！"
    },
    "description": {
      "translate": "合成一把石剑"
    },
    "frame": "task",
    "show_toast": true,
    "announce_to_chat": true,
    "hidden": false
  },
  "parent": "atlantis:atlantis/craft_wooden_sword",
  "criteria": {
    "stone_sword": {
      "trigger": "minecraft:inventory_changed",
      "conditions": {
        "items": [
          {
            "items": [
              "minecraft:stone_sword"
            ]
          }
        ]
      }
    }
  },
  "requirements": [
    [
      "stone_sword"
    ]
  ],
  "sends_telemetry_event": false
}
