{
  "display": {
    "icon": {
      "item": "minecraft:lapis_block"
    },
    "title": {
      "translate": "多彩新世界"
    },
    "description": {
      "translate": "集齐一组青金石块"
    },
    "frame": "goal",
    "show_toast": true,
    "announce_to_chat": true,
    "hidden": false
  },
  "parent": "atlantis:atlantis/find_lapis_lazuli",
  "criteria": {
    "craft_lapis_block_64": {
      "trigger": "minecraft:inventory_changed",
      "conditions": {
        "items": [
          {
            "items": [
              "minecraft:lapis_block"
            ],
            "count": {
              "min": 64
            }
          }
        ]
      }
    }
  },
  "requirements": [
    [
      "craft_lapis_block_64"
    ]
  ],
  "sends_telemetry_event": false
}
