{
  "display": {
    "icon": {
      "item": "minecraft:enchanting_table"
    },
    "title": {
      "translate": "用魔法打败魔法"
    },
    "description": {
      "translate": "合成一个附魔台"
    },
    "frame": "task",
    "show_toast": true,
    "announce_to_chat": true,
    "hidden": false
  },
  "parent": "atlantis:atlantis/rise_of_atlantis",
  "criteria": {
    "enchanting_table": {
      "trigger": "minecraft:inventory_changed",
      "conditions": {
        "player": [
          {
            "condition": "minecraft:entity_properties",
            "entity": "this",
            "predicate": {
              "type_specific": {
                "type": "player",
                "stats": [
                  {
                    "type": "minecraft:crafted",
                    "stat": "minecraft:enchanting_table",
                    "value": {
                      "min": 1
                    }
                  }
                ]
              }
            }
          }
        ]
      }
    }
  },
  "requirements": [
    [
      "enchanting_table"
    ]
  ],
  "sends_telemetry_event": false
}
