{
    "display": {
      "icon": {
        "item": "minecraft:redstone"
      },
      "title": {
        "text": "科技升级"
      },
      "description": {
        "text": "获得红石"
      },
      "frame": "task",
      "show_toast": true,
      "announce_to_chat": true,
      "hidden": false
    },
    "parent": "atlantis:atlantis/find_raw_iron",
    "criteria": {
      "redstone": {
        "trigger": "minecraft:inventory_changed",
        "conditions": {
          "items": [
            {
              "items": [
                "minecraft:redstone"
              ]
            }
          ]
        }
      }
    },
    "requirements": [
      [
        "redstone"
      ]
    ],
    "sends_telemetry_event": false
  }
  