{
    "display": {
      "icon": {
        "item": "minecraft:coal"
      },
      "title": {
        "text": "恐龙的馈赠"
      },
      "description": {
        "text": "获得煤炭"
      },
      "frame": "task",
      "show_toast": true,
      "announce_to_chat": true,
      "hidden": false
    },
    "parent": "atlantis:atlantis/craft_wooden_pickaxe",
    "criteria": {
      "coal": {
        "trigger": "minecraft:inventory_changed",
        "conditions": {
          "items": [
            {
              "items": [
                "minecraft:coal"
              ]
            }
          ]
        }
      }
    },
    "requirements": [
      [
        "coal"
      ]
    ],
    "sends_telemetry_event": false
  }
  