{
  "display": {
    "icon": {
      "item": "minecraft:furnace"
    },
    "title": {
      "translate": "「热」门「焦」点"
    },
    "description": {
      "translate": "用八个圆石来制作一个熔炉"
    },
    "frame": "task",
    "show_toast": true,
    "announce_to_chat": true,
    "hidden": false
  },
  "parent": "atlantis:atlantis/find_coal",
  "criteria": {
    "furnace": {
      "trigger": "minecraft:inventory_changed",
      "conditions": {
        "items": [
          {
            "items": [
              "minecraft:furnace"
            ]
          }
        ]
      }
    }
  },
  "requirements": [
    [
      "furnace"
    ]
  ],
  "sends_telemetry_event": false
}
