{
  "display": {
    "icon": {
      "item": "minecraft:iron_ingot"
    },
    "title": {
      "translate": "冶金时代"
    },
    "description": {
      "translate": "集齐铁锭、铜锭、金锭各一组"
    },
    "frame": "task",
    "show_toast": true,
    "announce_to_chat": true,
    "hidden": false
  },
  "parent": "atlantis:atlantis/furnace",
  "criteria": {
    "iron_ingot": {
      "trigger": "minecraft:inventory_changed",
      "conditions": {
        "items": [
          {
            "items": [
              "minecraft:iron_ingot"
            ],
            "count": {
              "min": 64
            }
          }
        ]
      }
    },
    "gold_ingot": {
      "trigger": "minecraft:inventory_changed",
      "conditions": {
        "items": [
          {
            "items": [
              "minecraft:gold_ingot"
            ],
            "count": {
              "min": 64
            }
          }
        ]
      }
    },
    "copper_ingot": {
      "trigger": "minecraft:inventory_changed",
      "conditions": {
        "items": [
          {
            "items": [
              "minecraft:copper_ingot"
            ],
            "count": {
              "min": 64
            }
          }
        ]
      }
    }
  },
  "requirements": [
    [
      "iron_ingot"
    ],
    [
      "gold_ingot"
    ],
    [
      "copper_ingot"
    ]
  ],
  "sends_telemetry_event": false
}
