{
    "display": {
      "icon": {
        "item": "minecraft:copper_ingot"
      },
      "title": {
        "translate": "铜矿工"
      },
      "description": {
        "translate": "获得铜锭"
      },
      "frame": "task",
      "show_toast": true,
      "announce_to_chat": true,
      "hidden": false
    },
    "parent": "atlantis:atlantis/mine_raw_copper_640",
    "criteria": {
      "copper_ingot": {
        "trigger": "minecraft:inventory_changed",
        "conditions": {
          "items": [
            {
              "items": [
                "minecraft:copper_ingot"
              ]
            }
          ]
        }
      }
    },
    "requirements": [
      [
        "copper_ingot"
      ]
    ],
    "sends_telemetry_event": false
  }
  