{
    "display": {
      "icon": {
        "item": "minecraft:diamond"
      },
      "title": {
        "text": "给你钻石！"
      },
      "description": {
        "text": "向僵尸分享你的钻石"
      },
      "frame": "goal",
      "show_toast": true,
      "announce_to_chat": true,
      "hidden": false
    },
    "parent": "atlantis:atlantis/find_raw_iron",
    "criteria": {
      "give_diamond_zombie": {
        "trigger": "minecraft:thrown_item_picked_up_by_entity",
        "conditions": {
          "entity": [
            {
              "condition": "minecraft:entity_properties",
              "entity": "this",
              "predicate": {
                "type": "minecraft:zombie"
              }
            }
          ],
          "item": {
            "items": [
              "minecraft:diamond"
            ]
          }
        }
      },
      "give_diamond_zombie_villager": {
        "trigger": "minecraft:thrown_item_picked_up_by_entity",
        "conditions": {
          "entity": [
            {
              "condition": "minecraft:entity_properties",
              "entity": "this",
              "predicate": {
                "type": "minecraft:zombie_villager"
              }
            }
          ],
          "item": {
            "items": [
              "minecraft:diamond"
            ]
          }
        }
      },
      "give_diamond_zombified_piglin": {
        "trigger": "minecraft:thrown_item_picked_up_by_entity",
        "conditions": {
          "entity": [
            {
              "condition": "minecraft:entity_properties",
              "entity": "this",
              "predicate": {
                "type": "minecraft:zombified_piglin"
              }
            }
          ],
          "item": {
            "items": [
              "minecraft:diamond"
            ]
          }
        }
      }
    },
    "requirements": [
      [
        "give_diamond_zombie",
        "give_diamond_zombie_villager",
        "give_diamond_zombified_piglin"
      ]
    ]
  }
  