{
  "display": {
    "icon": {
      "item": "minecraft:ice"
    },
    "title": {
      "translate": "万分之一的特里同"
    },
    "description": {
      "translate": "收集270块冰"
    },
    "frame": "task",
    "show_toast": true,
    "announce_to_chat": true,
    "hidden": false
  },
  "parent": "atlantis:atlantis/rise_of_atlantis",
  "criteria": {
    "ice": {
      "trigger": "minecraft:inventory_changed",
      "conditions": {
        "player": [
          {
            "condition": "minecraft:entity_properties",
            "entity": "this",
            "predicate": {
              "type_specific": {
                "type": "player",
                "stats": [
                  {
                    "type": "minecraft:picked_up",
                    "stat": "minecraft:ice",
                    "value": {
                      "min": 270
                    }
                  }
                ]
              }
            }
          }
        ]
      }
    }
  },
  "sends_telemetry_event": false
}
