{
    "display": {
      "icon": {
        "item": "minecraft:ice"
      },
      "title": {
        "text": "万分之一的特里同"
      },
      "description": {
        "text": "收集270块冰"
      }
    },
    "parent": "atlantis:atlantis/rise_of_atlantis",
    "criteria": {
      "ice": {
        "trigger": "minecraft:inventory_changed",
        "conditions": {
          "player": [
            {
              "condition": "minecraft:entity_properties",
              "entity": "this",
              "predicate": {
                "type_specific": {
                  "type": "player",
                  "stats": [
                    {
                      "type": "minecraft:picked_up",
                      "stat": "minecraft:ice",
                      "value": {
                        "min": 270
                      }
                    }
                  ]
                }
              }
            }
          ]
        }
      }
    },
    "sends_telemetry_event": false
  }
  