{
  "display": {
    "icon": {
      "item": "minecraft:firework_rocket"
    },
    "title": {
      "text": "亚特兰蒂斯航天人！"
    },
    "description": {
      "text": "飞越卡门线(100000m)"
    },
    "frame": "challenge",
    "show_toast": true,
    "announce_to_chat": true,
    "hidden": true
  },
  "parent": "atlantis:atlantis/roof_of_the_world_stony",
  "criteria": {
    "karman_line": {
      "trigger": "minecraft:location",
      "conditions": {
        "player": [
          {
            "condition": "minecraft:entity_properties",
            "entity": "this",
            "predicate": {
              "location": {
                "position": {
                  "y": {
                    "min": 100000,
                    "max": 100200
                  }
                },
                "dimension": "minecraft:overworld"
              },
              "equipment": {
                "chest": {
                  "items": [
                    "minecraft:elytra"
                  ]
                }
              }
            }
          }
        ]
      }
    }
  },
  "requirements": [
    [
      "karman_line"
    ]
  ]
}
