{
    "display": {
      "icon": {
        "item": "minecraft:raw_gold"
      },
      "title": {
        "text": "入门淘金者"
      },
      "description": {
        "text": "获得粗金"
      },
      "frame": "task",
      "show_toast": true,
      "announce_to_chat": true,
      "hidden": false
    },
    "parent": "atlantis:atlantis/furnace",
    "criteria": {
      "raw_gold": {
        "trigger": "minecraft:inventory_changed",
        "conditions": {
          "player": [
            {
              "condition": "minecraft:entity_properties",
              "entity": "this",
              "predicate": {
                "type_specific": {
                  "type": "player",
                  "stats": [
                    {
                      "type": "minecraft:picked_up",
                      "stat": "minecraft:raw_gold",
                      "value": {
                        "min": 64
                      }
                    }
                  ]
                }
              }
            }
          ]
        }
      }
    },
    "requirements": [
      [
        "raw_gold"
      ]
    ],
    "sends_telemetry_event": false
  }
  