{
  "display": {
    "icon": {
      "item": "minecraft:enchanted_golden_apple"
    },
    "title": {
      "translate": "君临天下"
    },
    "description": {
      "translate": "吃掉一个附魔金苹果"
    },
    "frame": "challenge",
    "show_toast": true,
    "announce_to_chat": true,
    "hidden": false
  },
  "parent": "atlantis:atlantis/apple_day",
  "criteria": {
    "enchanted_golden_apple": {
      "trigger": "minecraft:consume_item",
      "conditions": {
        "item": {
          "items": [
            "minecraft:enchanted_golden_apple"
          ]
        }
      }
    }
  },
  "requirements": [
    [
      "enchanted_golden_apple"
    ]
  ],
  "sends_telemetry_event": false
}
