{
  "display": {
    "icon": {
      "item": "minecraft:calcite"
    },
    "title": {
      "text": "乌卡兰巴"
    },
    "description": {
      "text": "登上露出水面的裸岩山峰"
    },
    "frame": "challenge",
    "show_toast": true,
    "announce_to_chat": true,
    "hidden": true
  },
  "parent": "atlantis:atlantis/roof_of_the_world_jagged",
  "criteria": {
    "stony_peaks": {
      "trigger": "minecraft:location",
      "conditions": {
        "player": [
          {
            "condition": "minecraft:entity_properties",
            "entity": "this",
            "predicate": {
              "location": {
                "position": {
                  "y": {
                    "min": 300,
                    "max": 360
                  }
                },
                "biome": "minecraft:stony_peaks",
                "dimension": "minecraft:overworld"
              }
            }
          }
        ]
      }
    }
  },
  "requirements": [
    [
      "stony_peaks"
    ]
  ],
  "sends_telemetry_event": false
}
