{
    "display": {
      "icon": {
        "item": "minecraft:glow_ink_sac"
      },
      "title": {
        "text": "迷惑不了一点"
      },
      "description": {
        "text": "累计干掉50只荧光鱿鱼"
      },
      "frame": "task",
      "show_toast": true,
      "announce_to_chat": true,
      "hidden": false
    },
    "parent": "atlantis:atlantis/be_careful_of_those_squid",
    "criteria": {
      "killed_glow_squid": {
        "trigger": "minecraft:player_killed_entity",
        "conditions": {
          "player": [
            {
              "condition": "minecraft:entity_properties",
              "entity": "this",
              "predicate": {
                "type_specific": {
                  "type": "player",
                  "stats": [
                    {
                      "type": "minecraft:killed",
                      "stat": "minecraft:glow_squid",
                      "value": {
                        "min": 50
                      }
                    }
                  ]
                }
              }
            }
          ]
        }
      }
    },
    "requirements": [
      [
        "killed_glow_squid"
      ]
    ],
    "sends_telemetry_event": false
  }
  