{
  "display": {
    "icon": {
      "item": "minecraft:cactus"
    },
    "title": {
      "translate": "我们群主也可以"
    },
    "description": {
      "translate": "踩上一株仙人掌"
    },
    "frame": "task",
    "show_toast": true,
    "announce_to_chat": true,
    "hidden": false
  },
  "parent": "atlantis:atlantis/cactus",
  "criteria": {
    "step_on_cactus": {
      "trigger": "minecraft:location",
      "conditions": {
        "player": [
          {
            "condition": "minecraft:entity_properties",
            "entity": "this",
            "predicate": {
              "stepping_on": {
                "block": {
                  "blocks": [
                    "minecraft:cactus"
                  ]
                }
              }
            }
          }
        ]
      }
    }
  },
  "requirements": [
    [
      "step_on_cactus"
    ]
  ],
  "sends_telemetry_event": false
}
