{
  "type": "minecraft:random_selector",
  "config": {
    "default": "atlantis:oak_checked",
    "features": [
      {
        "chance": 0.025,
        "feature": {
          "feature": "atlantis:huge_brown_mushroom",
          "placement": []
        }
      },
      {
        "chance": 0.05,
        "feature": {
          "feature": "atlantis:huge_red_mushroom",
          "placement": []
        }
      },
      {
        "chance": 0.6666667,
        "feature": "atlantis:dark_oak_checked"
      },
      {
        "chance": 0.2,
        "feature": "atlantis:birch_checked"
      },
      {
        "chance": 0.1,
        "feature": "atlantis:fancy_oak_checked"
      }
    ]
  }
}