{
  "feature": "minecraft:disk_clay",
  "placement": [
    {
      "type": "minecraft:noise_threshold_count",
      "noise_level": 6,
      "below_noise": 5,
      "above_noise": 1
    },
    {
      "type": "minecraft:height_range",
      "height": {
        "type": "minecraft:uniform",
        "max_inclusive": {
          "absolute": 80
        },
        "min_inclusive": {
          "absolute": 48
        }
      }
    },
    {
      "type": "minecraft:in_square"
    },
    {
      "type": "minecraft:block_predicate_filter",
      "predicate": {
        "type": "minecraft:matching_fluids",
        "fluids": "minecraft:water"
      }
    },
    {
      "type": "minecraft:biome"
    }
  ]
}