{
  "feature": "minecraft:ice_patch",
  "placement": [
    {
      "type": "minecraft:count",
      "count": 2
    },
    {
      "type": "minecraft:in_square"
    },
    {
      "type": "minecraft:heightmap",
      "heightmap": "OCEAN_FLOOR_WG"
    },
    {
      "type": "minecraft:random_offset",
      "xz_spread": 0,
      "y_spread": -1
    },
    {
      "type": "minecraft:block_predicate_filter",
      "predicate": {
        "type": "minecraft:matching_blocks",
        "blocks": "minecraft:snow_block"
      }
    },
    {
      "type": "minecraft:biome"
    }
  ]
}