{
  "feature": "atlantis:birch_tall",
  "placement": [
    {
      "type": "minecraft:count",
      "count": {
        "type": "minecraft:weighted_list",
        "distribution": [
          {
            "weight": 20,
            "data": 7
          },
          {
            "weight": 2,
            "data": 8
          }
        ]
      }
    },
    {
      "type": "minecraft:in_square"
    },
    {
      "type": "minecraft:heightmap",
      "heightmap": "OCEAN_FLOOR_WG"
    },
    {
      "type": "minecraft:biome"
    }
  ]
}
