{
  "feature": "atlantis:swamp_oak",
  "placement": [
    {
      "type": "minecraft:count",
      "count": {
        "type": "minecraft:weighted_list",
        "distribution": [
          {
            "weight": 4,
            "data": 0
          },
          {
            "weight": 4,
            "data": 2
          },
          {
            "weight": 4,
            "data": 3
          }
        ]
      }
    },
    {
      "type": "minecraft:in_square"
    },
    {
      "type": "minecraft:heightmap",
      "heightmap": "OCEAN_FLOOR_WG"
    },
    {
      "type": "minecraft:biome"
    }
  ]
}
