{
  "type": "minecraft:tree",
  "config": {
    "ignore_vines": true,
    "force_dirt": false,
    "minimum_size": {
      "type": "minecraft:three_layers_feature_size",
      "limit": 1,
      "upper_limit": 1,
      "lower_size": 0,
      "middle_size": 1,
      "upper_size": 2
    },
    "dirt_provider": {
      "type": "minecraft:simple_state_provider",
      "state": {
        "Name": "minecraft:dirt"
      }
    },
    "trunk_provider": {
      "type": "minecraft:simple_state_provider",
      "state": {
        "Name": "minecraft:pale_oak_log",
        "Properties": {
          "axis": "y"
        }
      }
    },
    "foliage_provider": {
      "type": "minecraft:simple_state_provider",
      "state": {
        "Name": "minecraft:pale_oak_leaves",
        "Properties": {
          "distance": "7",
          "persistent": "false",
          "waterlogged": "false"
        }
      }
    },
    "trunk_placer": {
      "type": "minecraft:dark_oak_trunk_placer",
      "base_height": 6,
      "height_rand_a": 2,
      "height_rand_b": 1
    },
    "foliage_placer": {
      "type": "minecraft:dark_oak_foliage_placer",
      "offset": 0,
      "radius": 0
    },
    "decorators": [
      {
        "type": "minecraft:creaking_heart",
        "probability": 1.0
      }
    ]
  }
}