{
  "type": "minecraft:vegetation_patch",
  "config": {
    "surface": "floor",
    "depth": 1,
    "vertical_range": 5,
    "extra_bottom_block_chance": 0,
    "extra_edge_column_chance": 0.75,
    "vegetation_chance": 0.6,
    "xz_radius": {
      "type": "minecraft:uniform",
      "min_inclusive": 1,
      "max_inclusive": 2
    },
    "replaceable": "#minecraft:moss_replaceable",
    "ground_state": {
      "type": "minecraft:simple_state_provider",
      "state": {
        "Name": "minecraft:pale_moss_block"
      }
    },
    "vegetation_feature": {
      "feature": "atlantis:pale_moss_vegetation",
      "placement": []
    }
  }
}