{
  "type": "minecraft:jigsaw",
  "biomes": "#minecraft:is_overworld",
  "step": "surface_structures",
  "spawn_overrides": {},
  "terrain_adaptation": "beard_thin",
  "start_pool": "atlantis:atlantis_trader_room",
  "size": 1,
  "start_height": {
    "type": "minecraft:constant",
    "value": {
      "absolute": -2
    }
  },
  "project_start_to_heightmap": "OCEAN_FLOOR",
  "max_distance_from_center": 1,
  "use_expansion_hack": false,
  "liquid_settings": "ignore_waterlogging"
}
