{
  "type": "minecraft:jigsaw",
  "biomes": "#minecraft:has_structure/swamp_hut",
  "step": "surface_structures",
  "spawn_overrides": {
    "creature": {
      "bounding_box": "piece",
      "spawns": [
        {
          "type": "minecraft:cat",
          "weight": 1,
          "minCount": 1,
          "maxCount": 1
        }
      ]
    },
    "monster": {
      "bounding_box": "piece",
      "spawns": [
        {
          "type": "minecraft:witch",
          "weight": 4,
          "minCount": 1,
          "maxCount": 4
        }
      ]
    }
  },
  "terrain_adaptation": "beard_thin",
  "start_pool": "atlantis:swamp_hut",
  "size": 1,
  "start_height": {
    "type": "minecraft:constant",
    "value": {
      "absolute": 16
    }
  },
  "max_distance_from_center": 1,
  "use_expansion_hack": false,
  "liquid_settings": "ignore_waterlogging"
}
