{
  "type": "minecraft:gift",
  "pools": [
    {
      "rolls": 1,
      "bonus_rolls": 0,
      "entries": [
        {
          "type": "minecraft:tag",
          "name": "minecraft:decorated_pot_sherds",
          "expand": true,
          "weight": 1,
          "conditions": [
            {
              "condition": "minecraft:random_chance",
              "chance": 0.5
            }
          ]
        },
        {
          "type": "minecraft:item",
          "name": "minecraft:torchflower_seeds",
          "weight": 120
        },
        {
          "type": "minecraft:item",
          "name": "minecraft:pitcher_pod",
          "weight": 120
        }
      ]
    }
  ],
  "random_sequence": "minecraft:gameplay/sniffer_digging"
}
