{
  "type": "minecraft:gift",
  "pools": [
    {
      "rolls": 1,
      "bonus_rolls": 0,
      "entries": [
        {
          "type": "minecraft:tag",
          "name": "minecraft:decorated_pot_sherds",
          "expand": true,
          "weight": 5
        },
        {
          "type": "minecraft:item",
          "name": "minecraft:torchflower_seeds",
          "weight": 100
        },
        {
          "type": "minecraft:item",
          "name": "minecraft:pitcher_pod",
          "weight": 100
        }
      ]
    }
  ],
  "random_sequence": "minecraft:gameplay/sniffer_digging"
}
