{
  "name": "atlantis:beach_animals",
  "elements": [
    {
      "weight": 20,
      "element": {
        "element_type": "minecraft:legacy_single_pool_element",
        "location": "atlantis:animal_dome/animals/turtle_1",
        "projection": "rigid",
        "processors": []
      }
    },
    {
      "weight": 8,
      "element": {
        "element_type": "minecraft:legacy_single_pool_element",
        "location": "atlantis:animal_dome/animals/turtle_2",
        "projection": "rigid",
        "processors": []
      }
    },
    {
      "weight": 3,
      "element": {
        "element_type": "minecraft:empty_pool_element"
      }
    }
  ],
  "fallback": "minecraft:empty"
}