{
  "display": {
    "icon": {
      "id": "minecraft:chest"
    },
    "title": {
      "translate": "黄金时代已去"
    },
    "description": {
      "translate": "打开一个埋藏的宝藏"
    },
    "frame": "task",
    "show_toast": true,
    "announce_to_chat": true,
    "hidden": false
  },
  "parent": "atlantis:atlantis/structures/in_monument",
  "criteria": {
    "buried_treasure": {
      "trigger": "minecraft:player_generates_container_loot",
      "conditions": {
        "loot_table": "minecraft:chests/buried_treasure"
      }
    }
  },
  "sends_telemetry_event": false
}
