{
  "display": {
    "icon": {
      "id": "minecraft:oak_planks"
    },
    "title": {
      "text": "这么热的天就这点冰？"
    },
    "description": {
      "text": "找到废弃矿井"
    },
    "frame": "task",
    "show_toast": true,
    "announce_to_chat": true,
    "hidden": false
  },
  "parent": "atlantis:atlantis/structures/in_village",
  "criteria": {
    "in_mineshaft": {
      "trigger": "minecraft:location",
      "conditions": {
        "player": [
          {
            "condition": "minecraft:location_check",
            "predicate": {
              "structures": "minecraft:mineshaft"
            }
          }
        ]
      }
    }
  },
  "sends_telemetry_event": false
}
