{
  "display": {
    "icon": {
      "id": "minecraft:dark_prismarine"
    },
    "title": {
      "text": "亚特兰蒂斯？"
    },
    "description": {
      "text": "找到一座海底神殿"
    },
    "frame": "task",
    "show_toast": true,
    "announce_to_chat": true,
    "hidden": false
  },
  "parent": "atlantis:atlantis/back_above_sea_level",
  "criteria": {
    "in_monument": {
      "trigger": "minecraft:location",
      "conditions": {
        "player": [
          {
            "condition": "minecraft:location_check",
            "predicate": {
              "structures": "minecraft:monument"
            }
          }
        ]
      }
    }
  },
  "sends_telemetry_event": false
}
