{
  "display": {
    "icon": {
      "id": "minecraft:crossbow"
    },
    "title": {
      "text": "你也有今天"
    },
    "description": {
      "text": "找到一座水下掠夺者哨塔"
    },
    "frame": "task",
    "show_toast": true,
    "announce_to_chat": true,
    "hidden": false
  },
  "parent": "atlantis:atlantis/structures/in_village",
  "criteria": {
    "in_pillager_outpost": {
      "trigger": "minecraft:location",
      "conditions": {
        "player": [
          {
            "condition": "minecraft:location_check",
            "predicate": {
              "structures": "minecraft:pillager_outpost"
            }
          }
        ]
      }
    }
  },
  "sends_telemetry_event": false
}
