{
  "display": {
    "icon": {
      "id": "minecraft:black_banner"
    },
    "title": {
      "text": "垂死海鸥号"
    },
    "description": {
      "text": "找到一艘沉船"
    },
    "frame": "task",
    "show_toast": true,
    "announce_to_chat": true,
    "hidden": false
  },
  "parent": "atlantis:atlantis/structures/in_monument",
  "criteria": {
    "in_shipwreck": {
      "trigger": "minecraft:location",
      "conditions": {
        "player": [
          {
            "condition": "minecraft:location_check",
            "predicate": {
              "structures": [
                "minecraft:shipwreck",
                "minecraft:shipwreck_beached"
              ]
            }
          }
        ]
      }
    }
  },
  "sends_telemetry_event": false
}
