{
  "display": {
    "icon": {
      "id": "minecraft:bell"
    },
    "title": {
      "translate": "大鼻子之殇"
    },
    "description": {
      "translate": "找到一座水下村庄"
    },
    "frame": "task",
    "show_toast": true,
    "announce_to_chat": true,
    "hidden": false
  },
  "parent": "atlantis:atlantis/structures/in_ruined_portal",
  "criteria": {
    "in_village": {
      "trigger": "minecraft:location",
      "conditions": {
        "player": [
          {
            "condition": "minecraft:location_check",
            "predicate": {
              "structures": [
                "minecraft:village_desert",
                "minecraft:village_snowy",
                "minecraft:village_taiga",
                "minecraft:village_plains",
                "minecraft:village_savanna"
              ]
            }
          }
        ]
      }
    }
  },
  "sends_telemetry_event": false
}
