{
  "display": {
    "icon": {
      "id": "minecraft:cauldron"
    },
    "title": {
      "translate": "水之呼吸"
    },
    "description": {
      "translate": "找到一座沼泽小屋"
    },
    "frame": "task",
    "show_toast": true,
    "announce_to_chat": true,
    "hidden": false
  },
  "parent": "atlantis:atlantis/structures/in_pillager_outpost",
  "criteria": {
    "in_swamp_hut": {
      "trigger": "minecraft:location",
      "conditions": {
        "player": [
          {
            "condition": "minecraft:location_check",
            "predicate": {
              "structures": "atlantis:swamp_hut"
            }
          }
        ]
      }
    }
  },
  "sends_telemetry_event": false
}
