{
  "display": {
    "icon": {
      "item": "minecraft:oak_planks"
    },
    "title": {
      "translate": "这么热的天就这点冰？"
    },
    "description": {
      "translate": "找到废弃矿井"
    },
    "frame": "task",
    "show_toast": true,
    "announce_to_chat": true,
    "hidden": false
  },
  "parent": "atlantis:atlantis/structures/in_village",
  "criteria": {
    "in_mineshaft": {
      "trigger": "minecraft:location",
      "conditions": {
        "player": [
          {
            "condition": "minecraft:entity_properties",
            "entity": "this",
            "predicate": {
              "location": {
                "structure": "minecraft:mineshaft"
              }
            }
          }
        ]
      }
    }
  },
  "requirements": [
    [
      "in_mineshaft"
    ]
  ],
  "sends_telemetry_event": false
}
