{
  "display": {
    "icon": {
      "item": "minecraft:dark_oak_planks"
    },
    "title": {
      "text": "淘金时代的遗憾"
    },
    "description": {
      "text": "找到恶地废弃矿井"
    },
    "frame": "task",
    "show_toast": true,
    "announce_to_chat": true,
    "hidden": false
  },
  "parent": "atlantis:atlantis/structures/in_mineshaft",
  "criteria": {
    "in_mineshaft_mesa": {
      "trigger": "minecraft:location",
      "conditions": {
        "player": [
          {
            "condition": "minecraft:entity_properties",
            "entity": "this",
            "predicate": {
              "location": {
                "structure": "minecraft:mineshaft_mesa"
              }
            }
          }
        ]
      }
    }
  },
  "requirements": [
    [
      "in_mineshaft_mesa"
    ]
  ],
  "sends_telemetry_event": false
}
