{
    "display": {
      "icon": {
        "item": "minecraft:crossbow"
      },
      "title": {
        "translate": "你也有今天"
      },
      "description": {
        "translate": "找到一座水下掠夺者哨塔"
      },
      "frame": "task",
      "show_toast": true,
      "announce_to_chat": true,
      "hidden": false
    },
    "parent": "atlantis:atlantis/structures/in_village",
    "criteria": {
      "in_pillager_outpost": {
        "trigger": "minecraft:location",
        "conditions": {
          "player": [
            {
              "condition": "minecraft:entity_properties",
              "entity": "this",
              "predicate": {
                "location": {
                  "structure": "minecraft:pillager_outpost"
                }
              }
            }
          ]
        }
      }
    },
    "requirements": [
      [
        "in_pillager_outpost"
      ]
    ],
    "sends_telemetry_event": false
  }
  