{
	"display": {
	  "icon": {
		"item": "minecraft:crying_obsidian"
	  },
	  "title": {
		"text": "他们都上哪去了？！"
	  },
	  "description": {
		"text": "找到废弃传送门遗迹"
	  },
      "frame": "task",
      "show_toast": true,
      "announce_to_chat": true
	},
	"parent": "atlantis:atlantis/back_above_sea_level",
	"criteria": {
	  "ruined_portal": {
		"trigger": "minecraft:location",
		"conditions": {
		  "player": [
			{
			  "condition": "minecraft:any_of",
			  "terms": [
				{
				  "condition": "minecraft:entity_properties",
				  "entity": "this",
				  "predicate": {
					"location": {
					  "structure": "minecraft:ruined_portal",
					  "dimension": "minecraft:overworld"
					}
				  }
				},
				{
				  "condition": "minecraft:entity_properties",
				  "entity": "this",
				  "predicate": {
					"location": {
					  "structure": "minecraft:ruined_portal_desert",
					  "dimension": "minecraft:overworld"
					}
				  }
				},
				{
				  "condition": "minecraft:entity_properties",
				  "entity": "this",
				  "predicate": {
					"location": {
					  "structure": "minecraft:ruined_portal_jungle",
					  "dimension": "minecraft:overworld"
					}
				  }
				},
				{
				  "condition": "minecraft:entity_properties",
				  "entity": "this",
				  "predicate": {
					"location": {
					  "structure": "minecraft:ruined_portal_mountain",
					  "dimension": "minecraft:overworld"
					}
				  }
				},
				{
				  "condition": "minecraft:entity_properties",
				  "entity": "this",
				  "predicate": {
					"location": {
					  "structure": "minecraft:ruined_portal_nether",
					  "dimension": "minecraft:overworld"
					}
				  }
				},
				{
				  "condition": "minecraft:entity_properties",
				  "entity": "this",
				  "predicate": {
					"location": {
					  "structure": "minecraft:ruined_portal_ocean",
					  "dimension": "minecraft:overworld"
					}
				  }
				},
				{
				  "condition": "minecraft:entity_properties",
				  "entity": "this",
				  "predicate": {
					"location": {
					  "structure": "minecraft:ruined_portal_swamp",
					  "dimension": "minecraft:overworld"
					}
				  }
				}
			  ]
			},
			{
			  "condition": "minecraft:inverted",
			  "term": {
				"condition": "minecraft:entity_properties",
				"entity": "this",
				"predicate": {
				  "type_specific": {
					"type": "player",
					"gamemode": "spectator"
				  }
				}
			  }
			}
		  ]
		}
	  }
	}
  }
  