{
    "display": {
      "icon": {
        "item": "minecraft:cauldron"
      },
      "title": {
        "text": "水之呼吸"
      },
      "description": {
        "text": "找到一座沼泽小屋"
      },
      "frame": "task",
      "show_toast": true,
      "announce_to_chat": true,
      "hidden": false
    },
    "parent": "atlantis:atlantis/structures/in_pillager_outpost",
    "criteria": {
      "in_swamp_hut": {
        "trigger": "minecraft:location",
        "conditions": {
          "player": [
            {
              "condition": "minecraft:entity_properties",
              "entity": "this",
              "predicate": {
                "location": {
                  "structure": "atlantis:swamp_hut"
                }
              }
            }
          ]
        }
      }
    },
    "requirements": [
      [
        "in_swamp_hut"
      ]
    ],
    "sends_telemetry_event": false
  }
  