{
  "type": "minecraft:chest",
  "pools": [
    {
      "rolls": {
        "min": 1,
        "max": 6
      },
      "entries": [
        {
          "type": "minecraft:empty",
          "weight": 2
        },
        {
          "type": "minecraft:tag",
          "name": "atlantis:normal_flowers",
          "expand": true
        }
      ]
    },
    {
      "rolls": {
        "min": 0,
        "max": 2
      },
      "entries": [
        {
          "type": "minecraft:item",
          "name": "minecraft:bundle"
        },
        {
          "type": "minecraft:item",
          "name": "minecraft:bundle",
          "weight": 4,
          "functions": [
            {
              "function": "minecraft:set_contents",
              "component": "minecraft:bundle_contents",
              "entries": [
                {
                  "type": "minecraft:loot_table",
                  "value": "atlantis:fishing/exfishing_normal"
                }
              ]
            }
          ]
        }
      ]
    }
  ],
  "random_sequence": "atlantis:fishing/exfishing_flowers"
}