{
  "type": "minecraft:chest",
  "pools": [
    {
      "rolls": {
        "min": 0,
        "max": 4
      },
      "entries": [
        {
          "type": "minecraft:empty",
          "weight": 2
        },
        {
          "type": "minecraft:item",
          "name": "minecraft:jungle_sapling"
        },
        {
          "type": "minecraft:item",
          "name": "minecraft:cocoa_beans",
          "weight": 10
        }
      ]
    },
    {
      "rolls": {
        "min": 0,
        "max": 2.5
      },
      "entries": [
        {
          "type": "minecraft:loot_table",
          "name": "atlantis:fishing/exfishing_normal"
        }
      ]
    }
  ],
  "random_sequence": "atlantis:fishing/exfishing_jungle"
}