{
    "display": {
      "icon": {
        "id": "minecraft:birch_boat"
      },
      "title": {
        "text": "舰队Collection"
      },
      "description": {
        "text": "集齐所有种类的船"
      },
      "frame": "task",
      "show_toast": true,
      "announce_to_chat": true,
      "hidden": false
    },
    "parent": "atlantis:atlantis/rise_of_atlantis",
    "criteria": {
      "acacia_boat": {
        "trigger": "minecraft:inventory_changed",
        "conditions": {
          "items": [
            {
              "items": [
                "minecraft:acacia_boat"
              ]
            }
          ]
        }
      },
      "acacia_chest_boat": {
        "trigger": "minecraft:inventory_changed",
        "conditions": {
          "items": [
            {
              "items": [
                "minecraft:acacia_chest_boat"
              ]
            }
          ]
        }
      },
      "birch_boat": {
        "trigger": "minecraft:inventory_changed",
        "conditions": {
          "items": [
            {
              "items": [
                "minecraft:birch_boat"
              ]
            }
          ]
        }
      },
      "oak_boat": {
        "trigger": "minecraft:inventory_changed",
        "conditions": {
          "items": [
            {
              "items": [
                "minecraft:oak_boat"
              ]
            }
          ]
        }
      },
      "spruce_boat": {
        "trigger": "minecraft:inventory_changed",
        "conditions": {
          "items": [
            {
              "items": [
                "minecraft:spruce_boat"
              ]
            }
          ]
        }
      },
      "jungle_boat": {
        "trigger": "minecraft:inventory_changed",
        "conditions": {
          "items": [
            {
              "items": [
                "minecraft:jungle_boat"
              ]
            }
          ]
        }
      },
      "cherry_boat": {
        "trigger": "minecraft:inventory_changed",
        "conditions": {
          "items": [
            {
              "items": [
                "minecraft:cherry_boat"
              ]
            }
          ]
        }
      },
      "dark_oak_boat": {
        "trigger": "minecraft:inventory_changed",
        "conditions": {
          "items": [
            {
              "items": [
                "minecraft:dark_oak_boat"
              ]
            }
          ]
        }
      },
      "bamboo_raft": {
        "trigger": "minecraft:inventory_changed",
        "conditions": {
          "items": [
            {
              "items": [
                "minecraft:bamboo_raft"
              ]
            }
          ]
        }
      },
      "mangrove_boat": {
        "trigger": "minecraft:inventory_changed",
        "conditions": {
          "items": [
            {
              "items": [
                "minecraft:mangrove_boat"
              ]
            }
          ]
        }
      },
      "oak_chest_boat": {
        "trigger": "minecraft:inventory_changed",
        "conditions": {
          "items": [
            {
              "items": [
                "minecraft:oak_chest_boat"
              ]
            }
          ]
        }
      },
      "dark_oak_chest_boat": {
        "trigger": "minecraft:inventory_changed",
        "conditions": {
          "items": [
            {
              "items": [
                "minecraft:dark_oak_chest_boat"
              ]
            }
          ]
        }
      },
      "birch_chest_boat": {
        "trigger": "minecraft:inventory_changed",
        "conditions": {
          "items": [
            {
              "items": [
                "minecraft:birch_chest_boat"
              ]
            }
          ]
        }
      },
      "cherry_chest_boat": {
        "trigger": "minecraft:inventory_changed",
        "conditions": {
          "items": [
            {
              "items": [
                "minecraft:cherry_chest_boat"
              ]
            }
          ]
        }
      },
      "jungle_chest_boat": {
        "trigger": "minecraft:inventory_changed",
        "conditions": {
          "items": [
            {
              "items": [
                "minecraft:jungle_chest_boat"
              ]
            }
          ]
        }
      },
      "bamboo_chest_raft": {
        "trigger": "minecraft:inventory_changed",
        "conditions": {
          "items": [
            {
              "items": [
                "minecraft:bamboo_chest_raft"
              ]
            }
          ]
        }
      },
      "spruce_chest_boat": {
        "trigger": "minecraft:inventory_changed",
        "conditions": {
          "items": [
            {
              "items": [
                "minecraft:spruce_chest_boat"
              ]
            }
          ]
        }
      },
      "mangrove_chest_boat": {
        "trigger": "minecraft:inventory_changed",
        "conditions": {
          "items": [
            {
              "items": [
                "minecraft:mangrove_chest_boat"
              ]
            }
          ]
        }
      }
    },
    "requirements": [
      [
        "mangrove_chest_boat"
      ],
      [
        "spruce_chest_boat"
      ],
      [
        "oak_chest_boat"
      ],
      [
        "jungle_chest_boat"
      ],
      [
        "dark_oak_chest_boat"
      ],
      [
        "cherry_chest_boat"
      ],
      [
        "bamboo_chest_raft"
      ],
      [
        "birch_chest_boat"
      ],
      [
        "birch_boat"
      ],
      [
        "acacia_boat"
      ],
      [
        "spruce_boat"
      ],
      [
        "acacia_chest_boat"
      ],
      [
        "jungle_boat"
      ],
      [
        "oak_boat"
      ],
      [
        "cherry_boat"
      ],
      [
        "dark_oak_boat"
      ],
      [
        "bamboo_raft"
      ],
      [
        "mangrove_boat"
      ]
    ],
    "sends_telemetry_event": false
  }
  