{
  "display": {
    "icon": {
      "id": "minecraft:ochre_froglight"
    },
    "title": {
      "translate": "重见天日"
    },
    "description": {
      "translate": "浮出水面"
    },
    "frame": "goal",
    "show_toast": true,
    "announce_to_chat": true,
    "hidden": false
  },
  "parent": "atlantis:atlantis/on_snow_steping",
  "criteria": {
    "back_above_sea_level": {
      "trigger": "minecraft:location",
      "conditions": {
        "player": [
          {
            "condition": "minecraft:entity_properties",
            "entity": "this",
            "predicate": {
              "type_specific": {
                "type": "player",
                "advancements": {
                  "atlantis:atlantis/below_sea_wandering": true
                }
              },
              "location": {
                "position": {
                  "y": {
                    "min": 280,
                    "max": 320
                  }
                },
                "dimension": "minecraft:overworld"
              }
            }
          }
        ]
      }
    }
  },
  "requirements": [
    [
      "back_above_sea_level"
    ]
  ],
  "sends_telemetry_event": false
}
