{
  "display": {
    "icon": {
      "id": "minecraft:campfire"
    },
    "title": {
      "text": "水寒火暖"
    },
    "description": {
      "text": "在水下放置一个篝火"
    },
    "frame": "task",
    "show_toast": true,
    "announce_to_chat": true
  },
  "parent": "atlantis:atlantis/rise_of_atlantis",
  "criteria": {
    "campfire": {
      "trigger": "minecraft:placed_block",
      "conditions": {
        "location": [
          {
            "condition": "minecraft:location_check",
            "predicate": {
              "position": {
                "y": {
                  "max": 280
                }
              },
              "block": {
                "blocks": "#minecraft:campfires"
              }
            }
          }
        ]
      }
    }
  },
  "sends_telemetry_event": false
}
