{
  "display": {
    "icon": {
      "id": "minecraft:wooden_pickaxe"
    },
    "title": {
      "translate": "采矿时间到！"
    },
    "description": {
      "translate": "使用木板和木棍来制作一把镐子"
    },
    "frame": "task",
    "show_toast": true,
    "announce_to_chat": true,
    "hidden": false
  },
  "parent": "atlantis:atlantis/crafting_table",
  "criteria": {
    "wooden_pickaxe": {
      "trigger": "minecraft:inventory_changed",
      "conditions": {
        "items": [
          {
            "items": [
              "minecraft:wooden_pickaxe"
            ]
          }
        ]
      }
    }
  },
  "requirements": [
    [
      "wooden_pickaxe"
    ]
  ],
  "sends_telemetry_event": false
}
