{
  "display": {
    "icon": {
      "id": "minecraft:glass"
    },
    "title": {
      "translate": "玻璃工"
    },
    "description": {
      "translate": "累计制作十组玻璃（从熔炉中取出的总数）"
    },
    "frame": "task",
    "show_toast": true,
    "announce_to_chat": true,
    "hidden": false
  },
  "parent": "atlantis:atlantis/mine_sand_576",
  "criteria": {
    "glass": {
      "trigger": "minecraft:inventory_changed",
      "conditions": {
        "player": [
          {
            "condition": "minecraft:entity_properties",
            "entity": "this",
            "predicate": {
              "type_specific": {
                "type": "player",
                "stats": [
                  {
                    "type": "minecraft:crafted",
                    "stat": "minecraft:glass",
                    "value": {
                      "min": 640
                    }
                  }
                ]
              }
            }
          }
        ]
      }
    }
  },
  "sends_telemetry_event": false
}
