{
    "display": {
      "icon": {
        "id": "minecraft:beacon"
      },
      "title": {
        "translate": "带上信标"
      },
      "description": {
        "translate": "合成5个信标"
      },
      "frame": "goal",
      "show_toast": true,
      "announce_to_chat": true,
      "hidden": false
    },
    "parent": "atlantis:atlantis/rise_of_atlantis",
    "criteria": {
      "craft_beacon_5": {
        "trigger": "minecraft:inventory_changed",
        "conditions": {
          "player": [
            {
              "condition": "minecraft:entity_properties",
              "entity": "this",
              "predicate": {
                "type_specific": {
                  "type": "player",
                  "stats": [
                    {
                      "type": "minecraft:crafted",
                      "stat": "minecraft:beacon",
                      "value": {
                        "min": 5
                      }
                    }
                  ]
                }
              }
            }
          ]
        }
      }
    },
    "requirements": [
      [
        "craft_beacon_5"
      ]
    ],
    "sends_telemetry_event": false
  }
  