{
  "display": {
    "icon": {
      "id": "minecraft:iron_sword"
    },
    "title": {
      "text": "性价比之选"
    },
    "description": {
      "text": "合成一把铁剑"
    },
    "frame": "task",
    "show_toast": true,
    "announce_to_chat": true,
    "hidden": false
  },
  "parent": "atlantis:atlantis/craft_stone_sword",
  "criteria": {
    "iron_sword": {
      "trigger": "minecraft:inventory_changed",
      "conditions": {
        "items": [
          {
            "items": [
              "minecraft:iron_sword"
            ]
          }
        ]
      }
    }
  },
  "requirements": [
    [
      "iron_sword"
    ]
  ],
  "sends_telemetry_event": false
}
