{
  "display": {
    "icon": {
      "id": "minecraft:netherite_block"
    },
    "title": {
      "translate": "月干动力"
    },
    "description": {
      "translate": "集齐一组下界合金块"
    },
    "frame": "challenge",
    "show_toast": true,
    "announce_to_chat": true,
    "hidden": false
  },
  "parent": "atlantis:atlantis/craft_gold_block_64",
  "criteria": {
    "craft_netherite_block_64": {
      "trigger": "minecraft:inventory_changed",
      "conditions": {
        "items": [
          {
            "items": [
              "minecraft:netherite_block"
            ],
            "count": {
              "min": 64
            }
          }
        ]
      }
    }
  },
  "requirements": [
    [
      "craft_netherite_block_64"
    ]
  ],
  "sends_telemetry_event": false
}
