{
  "display": {
    "icon": {
      "id": "minecraft:coal_block"
    },
    "title": {
      "translate": "煤炭工业"
    },
    "description": {
      "translate": "集齐一组煤炭块"
    },
    "frame": "goal",
    "show_toast": true,
    "announce_to_chat": true,
    "hidden": false
  },
  "parent": "atlantis:atlantis/get_coal_64",
  "criteria": {
    "coal_block": {
      "trigger": "minecraft:inventory_changed",
      "conditions": {
        "items": [
          {
            "items": [
              "minecraft:coal_block"
            ],
            "count": {
              "min": 64
            }
          }
        ]
      }
    }
  },
  "sends_telemetry_event": false
}
