{
    "display": {
      "icon": {
        "id": "minecraft:ender_chest"
      },
      "title": {
        "text": "跨维度运输装置"
      },
      "description": {
        "text": "合成一个末影箱"
      },
      "frame": "task",
      "show_toast": true,
      "announce_to_chat": true,
      "hidden": false
    },
    "parent": "atlantis:atlantis/enchanting_table",
    "criteria": {
      "ender_chest": {
        "trigger": "minecraft:inventory_changed",
        "conditions": {
          "player": [
            {
              "condition": "minecraft:entity_properties",
              "entity": "this",
              "predicate": {
                "type_specific": {
                  "type": "player",
                  "stats": [
                    {
                      "type": "minecraft:crafted",
                      "stat": "minecraft:ender_chest",
                      "value": {
                        "min": 1
                      }
                    }
                  ]
                }
              }
            }
          ]
        }
      }
    },
    "requirements": [
      [
        "ender_chest"
      ]
    ],
    "sends_telemetry_event": false
  }
  