{
  "display": {
    "icon": {
      "id": "minecraft:note_block"
    },
    "title": {
      "translate": "沉浸于音乐"
    },
    "description": {
      "translate": "累计合成两组音符盒"
    },
    "frame": "task",
    "show_toast": true,
    "announce_to_chat": true,
    "hidden": false
  },
  "parent": "atlantis:atlantis/redstone_candlelight",
  "criteria": {
    "note_block": {
      "trigger": "minecraft:inventory_changed",
      "conditions": {
        "player": [
          {
            "condition": "minecraft:entity_properties",
            "entity": "this",
            "predicate": {
              "type_specific": {
                "type": "minecraft:player",
                "stats": [
                  {
                    "type": "minecraft:crafted",
                    "stat": "minecraft:note_block",
                    "value": {
                      "min": 128
                    }
                  }
                ]
              }
            }
          }
        ]
      }
    }
  },
  "sends_telemetry_event": false
}
