{
    "display": {
      "icon": {
        "id": "minecraft:raw_iron"
      },
      "title": {
        "translate": "神说，先有铁"
      },
      "description": {
        "translate": "获得粗铁"
      },
      "frame": "task",
      "show_toast": true,
      "announce_to_chat": true,
      "hidden": false
    },
    "parent": "atlantis:atlantis/furnace",
    "criteria": {
      "raw_iron": {
        "trigger": "minecraft:inventory_changed",
        "conditions": {
          "items": [
            {
              "items": [
                "minecraft:raw_iron"
              ]
            }
          ]
        }
      }
    },
    "requirements": [
      [
        "raw_iron"
      ]
    ],
    "sends_telemetry_event": false
  }
  