{
  "display": {
    "icon": {
      "id": "minecraft:carrot_on_a_stick"
    },
    "title": {
      "translate": "当猪飞的时候"
    },
    "description": {
      "translate": "骑着猪从悬崖上飞下",
      "color": "green"
    },
    "frame": "challenge",
    "show_toast": true,
    "announce_to_chat": true,
    "hidden": false
  },
  "parent": "atlantis:atlantis/rise_of_atlantis",
  "criteria": {
    "fly_pig": {
      "trigger": "minecraft:impossible"
    }
  },
  "sends_telemetry_event": false
}
