{
  "display": {
    "icon": {
      "id": "minecraft:iron_ingot"
    },
    "title": {
      "translate": "你怕不怕！"
    },
    "description": {
      "translate": "集齐20块铁锭"
    },
    "frame": "task",
    "show_toast": true,
    "announce_to_chat": true,
    "hidden": false
  },
  "parent": "atlantis:atlantis/find_raw_iron",
  "criteria": {
    "get_iron_20": {
      "trigger": "minecraft:inventory_changed",
      "conditions": {
        "items": [
          {
            "items": [
              "minecraft:iron_ingot"
            ],
            "count": {
              "min": 20
            }
          }
        ]
      }
    }
  },
  "requirements": [
    [
      "get_iron_20"
    ]
  ],
  "sends_telemetry_event": false
}
