{
  "display": {
    "icon": {
      "id": "minecraft:coal_ore"
    },
    "title": {
      "translate": "煤球蛋子"
    },
    "description": {
      "translate": "集齐一组煤炭"
    },
    "frame": "task",
    "show_toast": true,
    "announce_to_chat": true,
    "hidden": false
  },
  "parent": "atlantis:atlantis/find_coal",
  "criteria": {
    "coal": {
      "trigger": "minecraft:inventory_changed",
      "conditions": {
        "items": [
          {
            "items": [
              "minecraft:coal"
            ],
            "count": {
              "min": 64
            }
          }
        ]
      }
    }
  },
  "sends_telemetry_event": false
}
