{
  "display": {
    "icon": {
      "id": "minecraft:feather"
    },
    "title": {
      "translate": "等风"
    },
    "description": {
      "translate": "拂过海面冰冷的风"
    },
    "frame": "goal",
    "show_toast": false,
    "announce_to_chat": true,
    "hidden": false
  },
  "parent": "atlantis:atlantis/root",
  "criteria": {
    "in_icy_wind_waiting": {
      "trigger": "minecraft:inventory_changed",
      "conditions": {
        "items": [
          {
            "items": [
              "minecraft:heart_of_the_sea"
            ]
          }
        ]
      }
    }
  },
  "sends_telemetry_event": false
}
