{
  "display": {
    "icon": {
      "id": "minecraft:nautilus_shell"
    },
    "title": {
      "text": "这是水猴子吗？"
    },
    "description": {
      "text": "杀死一只溺尸"
    },
    "frame": "task",
    "show_toast": true,
    "announce_to_chat": true,
    "hidden": false
  },
  "parent": "atlantis:atlantis/craft_stone_sword",
  "criteria": {
    "drowned": {
      "trigger": "minecraft:player_killed_entity",
      "conditions": {
        "entity": [
          {
            "condition": "minecraft:entity_properties",
            "entity": "this",
            "predicate": {
              "type": "minecraft:drowned"
            }
          }
        ]
      }
    }
  },
  "sends_telemetry_event": false
}
