{
    "display": {
      "icon": {
        "id": "minecraft:shulker_box"
      },
      "title": {
        "translate": "给我干哪来了"
      },
      "description": {
        "translate": "把一只潜影贝运到下界并杀死"
      },
      "frame": "challenge",
      "show_toast": true,
      "announce_to_chat": true,
      "hidden": false
    },
    "parent": "atlantis:atlantis/craft_iron_sword",
    "criteria": {
      "killed_shulker": {
        "trigger": "minecraft:player_killed_entity",
        "conditions": {
          "entity": [
            {
              "condition": "minecraft:entity_properties",
              "entity": "this",
              "predicate": {
                "type": "minecraft:shulker",
                "location": {
                  "dimension": "minecraft:the_nether"
                }
              }
            }
          ]
        }
      }
    },
    "requirements": [
      [
        "killed_shulker"
      ]
    ],
    "rewards": {
      "experience": 100
    },
    "sends_telemetry_event": false
  }
  