{
  "display": {
    "icon": {
      "id": "minecraft:lapis_block"
    },
    "title": {
      "text": "海底两万米"
    },
    "description": {
      "text": "在水下游泳累计2万格"
    },
    "frame": "task",
    "show_toast": true,
    "announce_to_chat": true
  },
  "parent": "atlantis:atlantis/back_above_sea_level",
  "criteria": {
    "trigger": {
      "trigger": "minecraft:location",
      "conditions": {
        "player": {
          "type_specific": {
            "type": "player",
            "stats": [
              {
                "type": "minecraft:custom",
                "stat": "minecraft:swim_one_cm",
                "value": {
                  "min": 2000000
                }
              }
            ]
          }
        }
      }
    }
  }
}
