{
    "display": {
      "icon": {
        "id": "minecraft:sand"
      },
      "title": {
        "text": "采沙场"
      },
      "description": {
        "text": "累计挖掘二十组沙子"
      },
      "frame": "task",
      "show_toast": true,
      "announce_to_chat": true,
      "hidden": false
    },
    "parent": "atlantis:atlantis/mine_sand_576",
    "criteria": {
      "sand": {
        "trigger": "minecraft:inventory_changed",
        "conditions": {
          "player": [
            {
              "condition": "minecraft:entity_properties",
              "entity": "this",
              "predicate": {
                "type_specific": {
                  "type": "player",
                  "stats": [
                    {
                      "type": "minecraft:mined",
                      "stat": "minecraft:sand",
                      "value": {
                        "min": 1280
                      }
                    }
                  ]
                }
              }
            }
          ]
        }
      }
    },
    "sends_telemetry_event": false
  }
  