{
    "display": {
      "icon": {
        "id": "minecraft:nether_quartz_ore"
      },
      "title": {
        "translate": "石英"
      },
      "description": {
        "translate": "累计挖掘九组下界石英矿石"
      },
      "frame": "task",
      "show_toast": true,
      "announce_to_chat": true,
      "hidden": false
    },
    "parent": "atlantis:atlantis/rise_of_atlantis",
    "criteria": {
      "nether_quartz_ore": {
        "trigger": "minecraft:inventory_changed",
        "conditions": {
          "player": [
            {
              "condition": "minecraft:entity_properties",
              "entity": "this",
              "predicate": {
                "type_specific": {
                  "type": "player",
                  "stats": [
                    {
                      "type": "minecraft:mined",
                      "stat": "minecraft:nether_quartz_ore",
                      "value": {
                        "min": 576
                      }
                    }
                  ]
                }
              }
            }
          ]
        }
      }
    },
    "sends_telemetry_event": false
  }
  