{
    "display": {
      "icon": {
        "id": "minecraft:kelp"
      },
      "title": {
        "text": "九方旅人"
      },
      "description": {
        "text": "游历所有海洋群系"
      },
      "frame": "goal",
      "show_toast": true,
      "announce_to_chat": true,
      "hidden": false
    },
    "parent": "atlantis:atlantis/back_above_sea_level",
    "criteria": {
      "ocean": {
        "trigger": "minecraft:location",
        "conditions": {
          "player": {
            "location": {
              "biomes": "ocean"
            }
          }
        }
      },
      "deep_ocean": {
        "trigger": "minecraft:location",
        "conditions": {
          "player": {
            "location": {
              "biomes": "minecraft:deep_ocean"
            }
          }
        }
      },
      "warm_ocean": {
        "trigger": "minecraft:location",
        "conditions": {
          "player": {
            "location": {
              "biomes": "minecraft:warm_ocean"
            }
          }
        }
      },
      "cold_ocean": {
        "trigger": "minecraft:location",
        "conditions": {
          "player": {
            "location": {
              "biomes": "minecraft:cold_ocean"
            }
          }
        }
      },
      "deep_cold_ocean": {
        "trigger": "minecraft:location",
        "conditions": {
          "player": {
            "location": {
              "biomes": "minecraft:deep_cold_ocean"
            }
          }
        }
      },
      "lukewarm_ocean": {
        "trigger": "minecraft:location",
        "conditions": {
          "player": {
            "location": {
              "biomes": "minecraft:lukewarm_ocean"
            }
          }
        }
      },
      "frozen_ocean": {
        "trigger": "minecraft:location",
        "conditions": {
          "player": {
            "location": {
              "biomes": "minecraft:frozen_ocean"
            }
          }
        }
      },
      "deep_frozen_ocean": {
        "trigger": "minecraft:location",
        "conditions": {
          "player": {
            "location": {
              "biomes": "minecraft:deep_frozen_ocean"
            }
          }
        }
      },
      "deep_lukewarm_ocean": {
        "trigger": "minecraft:location",
        "conditions": {
          "player": {
            "location": {
              "biomes": "minecraft:deep_lukewarm_ocean"
            }
          }
        }
      }
    },
    "requirements": [
      [
        "ocean"
      ],
      [
        "deep_ocean"
      ],
      [
        "warm_ocean"
      ],
      [
        "cold_ocean"
      ],
      [
        "deep_cold_ocean"
      ],
      [
        "lukewarm_ocean"
      ],
      [
        "frozen_ocean"
      ],
      [
        "deep_frozen_ocean"
      ],
      [
        "deep_lukewarm_ocean"
      ]
    ],
    "sends_telemetry_event": false
  }
  