{
  "display": {
    "icon": {
      "id": "minecraft:snow"
    },
    "title": {
      "translate": "踏雪"
    },
    "description": {
      "translate": "后天的永久封冻"
    },
    "frame": "goal",
    "show_toast": false,
    "announce_to_chat": true,
    "hidden": false
  },
  "parent": "atlantis:atlantis/root",
  "criteria": {
    "on_snow_steping": {
      "trigger": "minecraft:location",
      "conditions": {
        "player": [
          {
            "condition": "minecraft:entity_properties",
            "entity": "this",
            "predicate": {
              "stepping_on": {
                "block": {
                  "blocks": [
                    "minecraft:snow_block"
                  ]
                }
              }
            }
          }
        ]
      }
    }
  },
  "requirements": [
    [
      "on_snow_steping"
    ]
  ],
  "sends_telemetry_event": false
}
