{
  "display": {
    "icon": {
      "id": "minecraft:packed_ice"
    },
    "title": {
      "text": "亚特兰蒂斯",
      "color": "#0000AA",
      "bold": true
    },
    "description": {
      "text": "惊鸿过后。",
      "color": "#55FFFF"
    },
    "background": "minecraft:textures/block/packed_ice.png",
    "frame": "task",
    "show_toast": false,
    "announce_to_chat": false
  },
  "criteria": {
    "in_water": {
      "trigger": "minecraft:enter_block",
      "conditions": {
        "block": "minecraft:water"
      }
    }
  }
}
