{
  "display": {
    "icon": {
      "id": "minecraft:glow_ink_sac"
    },
    "title": {
      "translate": "亮闪闪的！"
    },
    "description": {
      "translate": "累计干掉50只荧光鱿鱼"
    },
    "frame": "task",
    "show_toast": true,
    "announce_to_chat": true,
    "hidden": false
  },
  "parent": "atlantis:atlantis/be_careful_of_those_squid",
  "criteria": {
    "killed_glow_squid": {
      "trigger": "minecraft:player_killed_entity",
      "conditions": {
        "player": [
          {
            "condition": "minecraft:entity_properties",
            "entity": "this",
            "predicate": {
              "type_specific": {
                "type": "minecraft:player",
                "stats": [
                  {
                    "type": "minecraft:killed",
                    "stat": "minecraft:glow_squid",
                    "value": {
                      "min": 50
                    }
                  }
                ]
              }
            }
          }
        ]
      }
    }
  },
  "requirements": [
    [
      "killed_glow_squid"
    ]
  ],
  "sends_telemetry_event": false
}
