{
  "display": {
    "icon": {
      "id": "minecraft:sugar"
    },
    "title": {
      "text": "甜蜜时刻"
    },
    "description": {
      "text": "用甘蔗合成一些糖"
    },
    "frame": "task",
    "show_toast": true,
    "announce_to_chat": true,
    "hidden": false
  },
  "parent": "atlantis:atlantis/sugar_cane",
  "criteria": {
    "sugar": {
      "trigger": "minecraft:inventory_changed",
      "conditions": {
        "items": [
          {
            "items": [
              "minecraft:sugar"
            ]
          }
        ]
      }
    }
  },
  "sends_telemetry_event": false
}
