{
    "display": {
      "icon": {
        "id": "minecraft:sponge"
      },
      "title": {
        "translate": "重建亚特兰蒂斯！"
      },
      "description": {
        "translate": "累计使用海绵2000次"
      },
      "frame": "challenge",
      "show_toast": true,
      "announce_to_chat": true,
      "hidden": false
    },
    "parent": "atlantis:atlantis/rise_of_atlantis",
    "criteria": {
      "glass": {
        "trigger": "minecraft:inventory_changed",
        "conditions": {
          "player": [
            {
              "condition": "minecraft:entity_properties",
              "entity": "this",
              "predicate": {
                "type_specific": {
                  "type": "player",
                  "stats": [
                    {
                      "type": "minecraft:used",
                      "stat": "minecraft:sponge",
                      "value": {
                        "min": 2000
                      }
                    }
                  ]
                }
              }
            }
          ]
        }
      }
    },
    "sends_telemetry_event": false
  }
  