{
    "display": {
      "icon": {
        "id": "minecraft:paper"
      },
      "title": {
        "translate": "用纸书写"
      },
      "description": {
        "translate": "用甘蔗合成纸"
      },
      "frame": "task",
      "show_toast": true,
      "announce_to_chat": true,
      "hidden": false
    },
    "parent": "atlantis:atlantis/sugar_cane",
    "criteria": {
      "paper": {
        "trigger": "minecraft:inventory_changed",
        "conditions": {
          "items": [
            {
              "items": [
                "minecraft:paper"
              ]
            }
          ]
        }
      }
    },
    "sends_telemetry_event": false
  }
  