{
  "type": "minecraft:chest",
  "pools": [
    {
      "rolls": {
        "min": 0,
        "max": 4
      },
      "entries": [
        {
          "type": "minecraft:empty",
          "weight": 2
        },
        {
          "type": "minecraft:item",
          "name": "minecraft:spruce_sapling",
          "weight": 5
        },
        {
          "type": "minecraft:item",
          "name": "minecraft:sweet_berries",
          "weight": 10
        },
        {
          "type": "minecraft:item",
          "name": "minecraft:rabbit_hide",
          "weight": 2
        }
      ]
    },
    {
      "rolls": {
        "min": 0,
        "max": 2.5
      },
      "entries": [
        {
          "type": "minecraft:loot_table",
          "value": "atlantis:fishing/exfishing_normal"
        }
      ]
    }
  ],
  "random_sequence": "atlantis:fishing/exfishing_taiga"
}