{
  "type": "minecraft:chest",
  "pools": [
    {
      "rolls": {
        "min": 2,
        "max": 8
      },
      "entries": [
        {
          "type": "minecraft:item",
          "name": "minecraft:heart_of_the_sea",
          "conditions": [
            {
              "condition": "minecraft:random_chance",
              "chance": 0.02
            }
          ]
        },
        {
          "type": "minecraft:item",
          "name": "minecraft:prismarine_shard"
        },
        {
          "type": "minecraft:item",
          "name": "minecraft:prismarine_crystals"
        },
        {
          "type": "minecraft:item",
          "name": "minecraft:kelp"
        }
      ]
    },
    {
      "rolls": {
        "min": 0,
        "max": 2.5
      },
      "entries": [
        {
          "type": "minecraft:loot_table",
          "value": "atlantis:fishing/exfishing_normal"
        }
      ]
    }
  ],
  "random_sequence": "atlantis:fishing/exfishing_ocean"
}