{
  "type": "minecraft:fishing",
  "pools": [
    {
      "bonus_rolls": 0,
      "entries": [
        {
          "type": "minecraft:item",
          "name": "minecraft:lily_pad",
          "weight": 17
        },
        {
          "type": "minecraft:item",
          "functions": [
            {
              "add": false,
              "damage": {
                "type": "minecraft:uniform",
                "max": 0.9,
                "min": 0
              },
              "function": "minecraft:set_damage"
            }
          ],
          "name": "minecraft:leather_boots",
          "weight": 10
        },
        {
          "type": "minecraft:item",
          "name": "minecraft:leather",
          "weight": 10
        },
        {
          "type": "minecraft:item",
          "name": "minecraft:bone",
          "weight": 10
        },
        {
          "type": "minecraft:item",
          "functions": [
            {
              "function": "minecraft:set_potion",
              "id": "minecraft:water"
            }
          ],
          "name": "minecraft:potion",
          "weight": 10
        },
        {
          "type": "minecraft:item",
          "name": "minecraft:string",
          "weight": 5
        },
        {
          "type": "minecraft:item",
          "functions": [
            {
              "add": false,
              "damage": {
                "type": "minecraft:uniform",
                "max": 0.9,
                "min": 0
              },
              "function": "minecraft:set_damage"
            }
          ],
          "name": "minecraft:fishing_rod",
          "weight": 2
        },
        {
          "type": "minecraft:item",
          "name": "minecraft:bowl",
          "weight": 10
        },
        {
          "type": "minecraft:item",
          "name": "minecraft:stick",
          "weight": 5
        },
        {
          "type": "minecraft:item",
          "functions": [
            {
              "add": false,
              "count": 10,
              "function": "minecraft:set_count"
            }
          ],
          "name": "minecraft:ink_sac"
        },
        {
          "type": "minecraft:item",
          "name": "minecraft:tripwire_hook",
          "weight": 10
        },
        {
          "type": "minecraft:item",
          "name": "minecraft:rotten_flesh",
          "weight": 10
        },
        {
          "type": "minecraft:item",
          "conditions": [
            {
              "condition": "minecraft:location_check",
              "predicate": {
                "biomes": [
                  "minecraft:jungle",
                  "minecraft:sparse_jungle",
                  "minecraft:bamboo_jungle"
                ]
              }
            }
          ],
          "name": "minecraft:bamboo",
          "weight": 10
        },
        {
          "type": "minecraft:item",
          "conditions": [
            {
              "condition": "minecraft:any_of",
              "terms": [
                {
                  "condition": "minecraft:location_check",
                  "predicate": {
                    "biomes": [
                      "minecraft:jungle",
                      "minecraft:sparse_jungle"
                    ]
                  }
                }
              ]
            }
          ],
          "name": "minecraft:cocoa_beans",
          "weight": 10
        },
        {
          "type": "minecraft:item",
          "conditions": [
            {
              "condition": "minecraft:any_of",
              "terms": [
                {
                  "condition": "minecraft:location_check",
                  "predicate": {
                    "biomes": [
                      "minecraft:taiga",
                      "minecraft:old_growth_pine_taiga",
                      "minecraft:old_growth_spruce_taiga"
                    ]
                  }
                }
              ]
            }
          ],
          "name": "minecraft:sweet_berries",
          "weight": 10
        }
      ],
      "rolls": 1
    }
  ],
  "random_sequence": "minecraft:gameplay/fishing/junk"
}