{
  "name": "atlantis:animal_dome_5",
  "elements": [
    {
      "weight": 1,
      "element": {
        "element_type": "minecraft:single_pool_element",
        "projection": "rigid",
        "location": "atlantis:animal_dome/taiga/dome_taiga_1",
        "processors": "minecraft:empty",
        "liquid_settings": "ignore_waterlogging"
      }
    },
    {
      "weight": 1,
      "element": {
        "element_type": "minecraft:single_pool_element",
        "projection": "rigid",
        "location": "atlantis:animal_dome/taiga/dome_taiga_2",
        "processors": "minecraft:empty",
        "liquid_settings": "ignore_waterlogging"
      }
    }
  ],
  "fallback": "minecraft:empty"
}