{
  "name": "atlantis:taiga_animals",
  "elements": [
    {
      "weight": 10,
      "element": {
        "element_type": "minecraft:legacy_single_pool_element",
        "location": "atlantis:animal_dome/animals/fox_1",
        "projection": "rigid",
        "processors": []
      }
    },
    {
      "weight": 5,
      "element": {
        "element_type": "minecraft:legacy_single_pool_element",
        "location": "atlantis:animal_dome/animals/fox_2",
        "projection": "rigid",
        "processors": []
      }
    },
    {
      "weight": 5,
      "element": {
        "element_type": "minecraft:empty_pool_element"
      }
    }
  ],
  "fallback": "minecraft:empty"
}