{
  "name": "atlantis:common_animals",
  "elements": [
    {
      "weight": 20,
      "element": {
        "element_type": "minecraft:legacy_single_pool_element",
        "location": "atlantis:animal_dome/animals/common/chicken",
        "projection": "rigid",
        "processors": []
      }
    },
    {
      "weight": 20,
      "element": {
        "element_type": "minecraft:legacy_single_pool_element",
        "location": "atlantis:animal_dome/animals/common/cow_1",
        "projection": "rigid",
        "processors": []
      }
    },
    {
      "weight": 8,
      "element": {
        "element_type": "minecraft:legacy_single_pool_element",
        "location": "atlantis:animal_dome/animals/common/cow_2",
        "projection": "rigid",
        "processors": []
      }
    },
    {
      "weight": 20,
      "element": {
        "element_type": "minecraft:legacy_single_pool_element",
        "location": "atlantis:animal_dome/animals/common/pig_1",
        "projection": "rigid",
        "processors": []
      }
    },
    {
      "weight": 8,
      "element": {
        "element_type": "minecraft:legacy_single_pool_element",
        "location": "atlantis:animal_dome/animals/common/pig_2",
        "projection": "rigid",
        "processors": []
      }
    },
    {
      "weight": 20,
      "element": {
        "element_type": "minecraft:legacy_single_pool_element",
        "location": "atlantis:animal_dome/animals/common/sheep_1",
        "projection": "rigid",
        "processors": []
      }
    },
    {
      "weight": 8,
      "element": {
        "element_type": "minecraft:legacy_single_pool_element",
        "location": "atlantis:animal_dome/animals/common/sheep_21",
        "projection": "rigid",
        "processors": []
      }
    },
    {
      "weight": 8,
      "element": {
        "element_type": "minecraft:legacy_single_pool_element",
        "location": "atlantis:animal_dome/animals/common/sheep_22",
        "projection": "rigid",
        "processors": []
      }
    },
    {
      "weight": 10,
      "element": {
        "element_type": "minecraft:empty_pool_element"
      }
    }
  ],
  "fallback": "minecraft:empty"
}