{
  "name": "atlantis:sheep",
  "elements": [
    {
      "weight": 10,
      "element": {
        "element_type": "minecraft:legacy_single_pool_element",
        "location": "atlantis:animal_dome/animals/common/sheep_1",
        "projection": "rigid",
        "processors": []
      }
    },
    {
      "weight": 5,
      "element": {
        "element_type": "minecraft:legacy_single_pool_element",
        "location": "atlantis:animal_dome/animals/common/sheep_21",
        "projection": "rigid",
        "processors": []
      }
    },
    {
      "weight": 5,
      "element": {
        "element_type": "minecraft:legacy_single_pool_element",
        "location": "atlantis:animal_dome/animals/common/sheep_22",
        "projection": "rigid",
        "processors": []
      }
    },
    {
      "weight": 3,
      "element": {
        "element_type": "minecraft:empty_pool_element"
      }
    }
  ],
  "fallback": "minecraft:empty"
}